[
  {
      "province" : "Alberta",
      "abbreviation" : "AB",
      "rank" : 4,
      "population" : 4067175,
      "capital" : "Edmonton",
      "latitude" : 53.9332706,
      "longitude" : -116.5765035
  }
  ,
  {
      "province" : "British Columbia",
      "abbreviation" : "BC",
      "rank" : 3,
      "population" : 4648055,
      "capital" : "Victoria",
      "latitude" : 53.7266683,
      "longitude" : -127.6476206
  }
  ,
  {
      "province" : "Manitoba",
      "abbreviation" : "MB",
      "rank" : 5,
      "population" : 1278365,
      "capital" : "Winnipeg",
      "latitude" : 53.7608608,
      "longitude" : -98.8138763
  }
  ,
  {
      "province" : "New Brunswick",
      "abbreviation" : "NB",
      "rank" : 8,
      "population" : 747101,
      "capital" : "Fredericton",
      "latitude" : 46.5653163,
      "longitude" : -66.4619164
  }
  ,
  {
      "province" : "Newfoundland And Labrador",
      "abbreviation" : "NL",
      "rank" : 9,
      "population" : 519716,
      "capital" : "St John's",
      "latitude" : 48.6064556,
      "longitude" : -56.3330408
  }
  ,
  {
      "province" : "Nova Scotia",
      "abbreviation" : "NS",
      "rank" : 7,
      "population" : 923598,
      "capital" : "Halifax",
      "latitude" : 44.6819866,
      "longitude" : -63.744311
  }
  ,
  {
      "province" : "Nunavut",
      "abbreviation" : "NU",
      "rank" : 12,
      "population" : 35944,
      "capital" : "Iqaluit",
      "latitude" : 70.2997711,
      "longitude" : -83.1075769
  }
  ,
  {
      "province" : "Northwest Territories",
      "abbreviation" : "NT",
      "rank" : 11,
      "population" : 41786,
      "capital" : "Yellowknife",
      "latitude" : 64.8255441,
      "longitude" : -124.8457334
  }
  ,
  {
      "province" : "Ontario",
      "abbreviation" : "ON",
      "rank" : 1,
      "population" : 13448494,
      "capital" : "Toronto",
      "latitude" : 51.253775,
      "longitude" : -85.3232139
  }
  ,
  {
      "province" : "Prince Edward Island",
      "abbreviation" : "PE",
      "rank" : 10,
      "population" : 142907,
      "capital" : "Charlottetown",
      "latitude" : 46.510712,
      "longitude" : -63.4168136
  }
  ,
  {
      "province" : "Quebec",
      "abbreviation" : "QC",
      "rank" : 2,
      "population" : 8164361,
      "capital" : "Quebec City",
      "latitude" : 52.9399159,
      "longitude" : -73.5491361
  }
  ,
  {
      "province" : "Saskatchewan",
      "abbreviation" : "SK",
      "rank" : 6,
      "population" : 1098352,
      "capital" : "Regina",
      "latitude" : 52.9399159,
      "longitude" : -106.4508639
  }
  ,
  {
      "province" : "Yukon",
      "abbreviation" : "YT",
      "rank" : 13,
      "population" : 35874,
      "capital" : "Whitehorse",
      "latitude" : 64.2823274,
      "longitude" : -135
  }
]